{
  "d": 1.4209828179886361,
  "rho_cal": 0.2760320911462875,
  "se_rho_cal": 0.06214193546118511,
  "N_cal": 221
}