{
  "d": 0.6794448250402764,
  "rho_cal": 0.43762095486214125,
  "se_rho_cal": 0.054384781451476884,
  "N_cal": 221
}