{
  "d": 0.9578633554592862,
  "rho_cal": 0.35501515416127294,
  "se_rho_cal": 0.05878919673861259,
  "N_cal": 221
}