{
  "d": 4.016249447059747,
  "rho_cal": -0.12420333149340415,
  "se_rho_cal": 0.06622958289652292,
  "N_cal": 221
}