{
  "d": 1.0362961114273566,
  "rho_cal": 0.47538696393355145,
  "se_rho_cal": 0.05206536090192999,
  "N_cal": 221
}