{
  "d": 5.762100615078238,
  "rho_cal": 0.22515610526827542,
  "se_rho_cal": 0.0752847620076659,
  "N_cal": 159
}